District,TotPopulation,Male,Female,Hijra,Sex_Ratio,EthnicPopulation,Muslim,Hindu,Buddhist,Christian,Others,Literacy,Male_Literacy,Female_Literacy,Hijra_Literacy,Household,Slum_Household,Slum_Pop,Float_Household,Float_Pop,Other_Household,Other_HH_Pop,Household_Size,Pop_Density
Barguna,"1,010,530","494,625","515,608",96,95.93,"1,131",92.75,6.87,0.31,0.02,0,80.49,82.1,78.96,73.63,"255,390",454,"1,802",43,46,"254,893","1,008,682",3.96,552
Barishal,"2,570,450","1,254,840","1,314,423",151,95.47,843,88.8,10.7,0.01,0.43,0,79.62,80.57,78.73,63.89,"629,842",8636,"33,163",735,"1,820","620,471","2,535,467",4.08,923
Bhola,"1,932,514","945,076","985,131",129,95.93,773,97.07,2.87,0,0.01,0,67.12,67.03,67.2,59.84,"448,933",165,726,35,37,"448,733","1,931,751",4.3,568
Jhalokati,"661,161","316,521","344,424",40,91.9,203,90.66,9.28,0,0.02,0,83.08,84.01,82.25,63.16,"162,403",231,955,47,53,"162,125","660,153",4.07,935
Patuakhali,"1,727,254","843,027","883,656",93,95.4,"1,111",93.59,6.22,0.08,0.02,0,76.54,78.46,74.73,64.04,"424,745",426,"1,858",127,136,"424,192","1,725,260",4.07,536
Pirojpur,"1,198,193","582,661","615,179",54,94.71,120,84.84,15.1,0,0.01,0,85.41,85.88,84.97,71.15,"298,488",97,373,83,89,"298,308","1,197,731",4.01,938
Bandarban,"481,109","246,590","234,035",17,105.36,"197,975",52.68,3.42,29.52,9.78,4.61,63.64,68.86,58.14,31.25,"106,167",1,2,93,93,"106,073","481,014",4.53,107
Brahmanbaria,"3,306,559","1,537,743","1,767,766",202,86.99,672,93.24,6.68,0.01,0.02,0.05,72.01,71.63,72.33,45.92,"712,613","1,765",8369,638,665,"710,210","3,297,525",4.64,"1,758"
Chandpur,"2,635,748","1,228,774","1,405,682",132,87.41,"2,863",94.37,5.55,0.01,0.02,0.05,78.05,78.26,77.86,55.12,"635,458","3,440",13831,141,163,"631,877","2,621,754",4.15,"1,602"
Chattogram,"9,169,464","4,566,039","4,597,076",645,99.32,"48,144",87.47,10.7,1.63,0.09,0.11,80.85,82.66,79.07,52.25,"2,143,958","81,958",304235,"2,004",2161,"2,059,996","8,863,068",4.28,"1,736"
Cumilla,"6,212,216","2,898,583","3,310,416",373,87.56,"2,044",95.51,4.33,0.09,0.01,0.05,76.51,77.45,75.71,46.54,"1,407,396","6,581",28008,393,453,"1,400,422","6,183,755",4.41,"1,974"
Cox's Bazar,"2,823,265","1,432,864","1,388,086",173,103.23,"14,861",94.52,3.82,1.5,0.07,0.09,71.45,72.37,70.5,52.44,"587,127","3,185",13208,259,264,"583,683","2,809,793",4.81,"1,133"
Feni,"1,648,896","780,065","868,124",84,89.86,906,94.35,5.52,0.04,0.01,0.07,80.59,82.37,79.02,58.54,"377,189","7,168",27069,391,401,"369,630","1,621,426",4.37,"1,665"
Khagrachhari,"714,119","357,406","356,477",51,100.26,"349,378",46.56,16.75,35.92,0.62,0.16,71.73,77.13,66.35,57.14,"169,526",327,1312,83,83,"169,116","712,724",4.21,260
Lakshmipur,"1,938,111","912,932","1,024,669",118,89.1,150,96.75,3.19,0.01,0.01,0.05,73.84,73.72,73.95,57.76,"459,381",24,98,145,522,"459,212","1,937,491",4.22,"1,346"
Noakhali,"3,625,252","1,730,561","1,893,604",198,91.39,"1,003",95.84,4.05,0.02,0.03,0.06,75.36,75.48,75.26,48.4,"776,034","4,937",21973,329,363,"770,768","3,602,916",4.67,984
Rangamati,"647,587","333,015","314,205",33,105.99,"372,864",36.22,5.1,57.25,1.32,0.11,71.33,77.71,64.56,46.88,"153,484","1,471",6074,53,53,"151,960","641,460",4.22,106
Dhaka,"14,734,025","7,883,940","6,829,098","2,185",115.45,"27,129",94.82,4.55,0.11,0.43,0.09,84.68,86.23,82.86,57.71,"4,036,445","208,268","692,628","5,969","6,476","3,822,208","14,034,921",3.65,"10,067"
Faridpur,"2,162,876","1,050,193","1,112,061",151,94.44,"6,452",91.47,8.44,0,0.05,0.04,71.99,73.12,70.94,43.84,"525,879","1,820","6,750",294,303,"523,765","2,155,823",4.11,"1,054"
Gazipur,"5,263,474","2,734,086","2,524,805",599,108.29,"9,770",94.4,5,0.03,0.5,0.07,81.25,83.46,78.86,59.11,"1,579,844","41,266","117,394",592,634,"1,537,986","5,145,446",3.33,"2,914"
Gopalganj,"1,295,053","634,105","660,770",65,95.96,"2,470",72.07,26.94,0.01,0.93,0.04,79.76,81.6,78.01,56.45,"308,707",196,758,60,62,"308,451","1,294,233",4.2,882
Kishoreganj,"3,267,630","1,572,370","1,694,057",225,92.82,"1,021",95.09,4.84,0,0.01,0.05,67.47,67.8,67.17,48.15,"760,958",258,"1,079",328,353,"760,372","3,266,198",4.29,"1,215"
Madaripur,"1,293,027","615,579","677,043",79,90.92,508,88.65,11.2,0.01,0.1,0.04,74.84,76.77,73.13,59.21,"313,274",191,758,70,102,"313,013","1,292,167",4.13,"1,149"
Manikganj,"1,558,024","751,784","805,890",107,93.29,909,91,8.91,0.01,0.03,0.04,71.08,74.27,68.15,57.69,"393,524",73,262,182,234,"393,269","1,557,528",3.96,"1,126"
Munshiganj,"1,625,418","788,145","836,564",93,94.21,"4,808",92.31,7.51,0.01,0.11,0.06,77.8,78.98,76.71,68.89,"399,633",577,"2,207",189,204,"398,867","1,623,007",4.07,"1,618"
Narayanganj,"3,909,138","2,015,845","1,892,162",364,106.54,"1,267",95.17,4.71,0.03,0.04,0.06,79.09,80.82,77.25,50.14,"1,023,190","8,934","31,800",383,416,"1,013,873","3,876,922",3.82,"5,712"
Narsingdi,"2,584,452","1,265,578","1,317,873",178,96.03,508,94.5,5.4,0.01,0.03,0.06,74.69,75.98,73.47,54.97,"621,514","2,785","11,029",152,163,"618,577","2,573,260",4.16,"2,247"
Rajbari,"1,189,821","581,907","607,499",95,95.79,"3,324",90.63,9.29,0,0.01,0.06,69.37,70.66,68.16,48.31,"295,219","1,933","7,282",202,218,"293,084","1,182,321",4.03,"1,089"
Shariatpur,"1,294,561","621,288","672,752",87,92.35,437,96.65,3.3,0.02,0.01,0.03,72.8,74.1,71.63,45.24,"308,963",826,"3,465",83,110,"308,054","1,290,986",4.19,"1,103"
Tangail,"4,037,608","1,945,002","2,090,982",349,93.02,"23,708",93.17,6.36,0.01,0.38,0.09,69.62,72.5,66.97,57.85,"1,061,749","2,386","9,084",172,195,"1,059,191","4,028,329",3.8,"1,183"
Bagerhat,"1,613,079","801,716","810,581",90,98.91,"1,046",83.22,16.38,0,0.37,0.03,81.32,82.38,80.29,58.62,"408,862","2,687","10,062",180,190,"405,995","1,602,827",3.95,407
Chuadanga,"1,234,066","607,558","626,245",93,97.02,707,97.58,2.25,0,0.13,0.04,71.12,71.96,70.31,56.04,"326,718","1,564","5,606",67,78,"325,087","1,228,382",3.78,"1,051"
Jashore,"3,076,849","1,522,763","1,549,146",195,98.3,"5,386",89.57,10.18,0.01,0.17,0.07,76.96,79.56,74.43,59.26,"798,057","7,345","26,358",230,265,"790,482","3,050,226",3.86,"1,180"
Jhenaidah,"2,005,849","995,544","1,009,712",148,98.6,"5,624",91.52,8.38,0.01,0.05,0.05,72.7,74.82,70.63,57.34,"519,296",787,"2,793",87,95,"518,422","2,002,961",3.86,"1,021"
Khulna,"2,613,385","1,311,388","1,300,698",228,100.82,"3,260",78.63,20.75,0.01,0.54,0.07,80.56,83.5,77.6,65.77,"670,923","18,690","66,977",294,309,"651,939","2,546,099",3.9,595
Kushtia,"2,149,692","1,055,681","1,093,549",124,96.54,"2,117",97.23,2.73,0,0.01,0.03,68.88,70.05,67.77,51.22,"565,343","2,316","8,297",243,253,"562,784","2,141,142",3.8,"1,336"
Magura,"1,033,115","508,940","523,988",48,97.13,"8,548",84.23,15.69,0,0.03,0.05,72.1,74.25,70.04,70.83,"254,154",248,973,15,15,"253,891","1,032,127",4.06,994
Meherpur,"705,356","340,025","365,165",39,93.12,161,97.85,1.2,0,0.92,0.03,68.04,68.79,67.34,50,"195,323",190,734,0,0,"195,133","704,622",3.61,951
Narail,"788,673","383,380","404,814",43,94.71,"8,278",84.16,15.78,0,0.02,0.03,74.53,76.04,73.12,63.41,"195,663",478,"1,782",26,27,"195,159","786,864",4.03,815
Satkhira,"2,196,581","1,093,119","1,102,656",140,99.14,"3,865",84.25,15.34,0,0.28,0.12,75.23,78.57,71.94,63.24,"566,752","2,028","7,281",94,96,"564,630","2,189,204",3.88,574
Jamalpur,"2,499,737","1,215,902","1,282,768",170,94.79,"1,222",98.33,1.58,0,0.04,0.04,61.53,64.08,59.14,43.83,"652,046",877,"3,451",92,101,"651,077","2,496,185",3.83,"1,182"
Mymensingh,"5,899,052","2,897,880","2,997,931",471,96.66,"27,652",96.01,3.42,0.01,0.5,0.06,70.74,72.14,69.41,49.12,"1,460,900","7,407","28,914",361,399,"1,453,132","5,869,739",4.04,"1,342"
Netrakona,"2,324,856","1,138,660","1,184,308",219,96.15,"21,604",90.42,8.69,0.01,0.76,0.12,66.13,67.27,65.04,37.96,"548,449",945,"3,897",95,106,"547,409","2,320,853",4.24,832
Sherpur,"1,501,853","732,433","768,857",112,95.26,"11,081",96.92,2.43,0,0.55,0.1,63.57,65.63,61.63,37.96,"396,151",57,229,89,90,"396,005","1,501,534",3.79,"1,101"
Bogura,"3,734,300","1,852,193","1,880,480",433,98.5,"5,993",94.13,5.8,0,0.02,0.05,72.44,75.39,69.56,58.41,"1,025,249","1,966","7,587",274,300,"1,023,009","3,726,413",3.64,"1,288"
Joypurhat,"956,430","472,531","483,563",94,97.72,"26,324",89.87,9.09,0.02,0.5,0.52,73.63,76.81,70.54,60.44,"269,904","1,876","6,511",36,74,"267,992","949,845",3.54,945
Naogaon,"2,784,598","1,374,312","1,408,840",173,97.55,"107,292",86.82,11.45,0.01,0.77,0.95,72.14,74.66,69.7,??.?,"765,459",271,"1,031",66,98,"765,122","2,783,469",3.64,811
Natore,"1,859,921","919,696","939,633",116,97.88,"11,189",93.76,5.75,0,0.42,0.06,71.43,73.36,69.56,57.02,"501,957",79,273,113,120,"501,765","1,859,528",3.71,979
Nawabganj,"1,835,527","887,057","948,165",88,93.56,"23,275",95.53,3.92,0,0.39,0.15,71.92,70.75,72.99,58.82,"448,029","3,058","12,039",47,60,"444,924","1,823,428",4.1,"1,078"
Pabna,"2,909,622","1,449,989","1,459,013",165,99.38,"2,368",97.18,2.55,0,0.22,0.04,70.38,71.13,69.64,46.54,"743,557","3,560","13,287",192,202,"739,805","2,896,133",3.91,"1,225"
Rajshahi,"2,915,013","1,458,223","1,455,185",223,100.21,"47,832",93.97,4.54,0.01,1.2,0.28,75.07,77.42,72.72,54.34,"775,260","5,466","19,165",363,397,"769,431","2,895,451",3.76,"1,202"
Sirajganj,"3,357,708","1,665,494","1,690,917",282,98.5,"20,319",95.58,4.36,0,0.01,0.05,69.37,71.9,66.91,50.91,"842,314","1,437","5,633",62,65,"840,815","3,352,010",3.99,"1,398"
Dinajpur,"3,315,238","1,660,997","1,653,305",162,100.47,"52,939",78.56,19.49,0.03,1.39,0.53,76.04,78.92,73.16,54.19,"837,002","8,543","32,358",280,290,"828,179","3,282,590",3.96,963
Gaibandha,"2,562,232","1,238,621","1,317,944",195,93.98,"4,149",92.87,6.9,0,0.14,0.09,66.87,70.15,63.83,39.67,"700,289","1,709","6,210",58,60,"698,522","2,555,962",3.66,"1,212"
Kurigram,"2,329,161","1,145,222","1,182,688",91,96.83,275,93.79,6.14,0,0.01,0.07,64.99,68.19,61.93,47.19,"605,724","1,584","5,826",43,43,"604,097","2,323,292",3.85,"1,037"
Lalmonirhat,"1,428,406","714,203","713,566",66,100.09,118,86.95,12.96,0,0.04,0.04,71.18,74.41,67.98,50.82,"342,039","2,891","11,420",160,174,"338,988","1,416,812",4.18,"1,145"
Nilphamari,"2,092,567","1,041,582","1,050,499",80,99.15,127,84.27,15.63,0.02,0.05,0.04,69.13,72.08,66.23,55.41,"505,604",86,359,124,134,"505,394","2,092,074",4.14,"1,353"
Panchagarh,"1,179,843","588,888","590,750",43,99.68,"2,011",84.04,15.67,0,0.23,0.06,73.59,76.59,70.62,58.54,"281,628",772,"2,930",41,42,"280,815","1,176,871",4.19,840
Rangpur,"3,169,615","1,568,608","1,600,067",225,98.03,"15,940",90.61,8.93,0.05,0.25,0.15,70.59,73.34,67.92,50,"834,309","7,734","29,111",169,180,"826,406","3,140,324",3.8,"1,320"
Thakurgaon,"1,533,894","768,400","764,809",67,100.47,"15,511",77.02,22.11,0.01,0.63,0.23,74.3,78.27,70.34,58.46,"382,400","1,106","4,256",116,155,"381,178","1,529,483",4.01,861
Habiganj,"2,358,886","1,143,541","1,214,429",189,94.16,"41,563",83.94,15.84,0.01,0.11,0.1,69.32,70.5,68.22,44.32,"491,886",707,"3,123",128,139,"491,051","2,355,624",4.8,895
Maulvibazar,"2,123,445","1,020,312","1,102,247",144,92.57,"73,288",74.61,24.44,0.01,0.84,0.1,75.74,77.58,74.08,50.37,"446,354","2,444","10,106",125,137,"443,785","2,113,202",4.76,759
Sunamganj,"2,695,495","1,322,590","1,371,517",223,96.43,"5,285",88.16,11.67,0.01,0.09,0.06,64.77,66,63.61,35.21,"528,550","1,103","5,016",139,143,"527,308","2,690,336",5.1,719
Sylhet,"3,857,037","1,894,232","1,959,054",284,96.69,"16,458",92.52,7.32,0.01,0.06,0.08,76.26,78.32,74.29,48.56,"746,867","25,096","109,339",450,476,"721,321","3,747,222",5.16,"1,117"
